31.4525,74.3463,Nishter Town
31.5584,74.4032,Aziz Bhati Town
31.4869,74.3519,Gulberg Town
31.5917,74.4801,Wahga Town
31.5713,74.4007,Aziz Bhati Town
31.4542,74.3508,Nishter Town
31.596,74.3085,Ravi Town
31.4626,74.3391,Gulberg Town
31.5709,74.3871,Aziz Bhati Town
31.585,74.4074,Wahga Town
31.4328,74.3044,Nishter Town
31.4864,74.3456,Gulberg Town
31.4603,74.2829,Allama Iqbal Town
31.5954,74.3082,Ravi Town
31.5601,74.2997,Data Ganj Bakhsh Town
31.6027,74.3986,Wahga Town
31.5918,74.3472,Shalamar Town
31.5803,74.3145,Ravi Town
31.6088,74.4052,Wahga Town
31.4834,74.3153,Gulberg Town
31.4539,74.2629,Allama Iqbal Town
31.4853,74.2656,Allama Iqbal Town
31.5954,74.3409,Shalamar Town
31.4485,74.3395,Nishter Town
31.4619,74.3383,Gulberg Town
31.4202,74.3598,Nishter Town
31.5677,74.3214,Data Ganj Bakhsh Town
31.5063,74.2482,Allama Iqbal Town
31.4724,74.2852,Allama Iqbal Town
31.5198,74.3024,Samanabad Town
31.6051,74.333,Ravi Town
31.5954,74.3531,Shalamar Town
31.5034,74.2413,Allama Iqbal Town
31.5749,74.313,Data Ganj Bakhsh Town
31.4666,74.337,Gulberg Town
31.58,74.3961,Aziz Bhati Town
31.5746,74.3866,Shalamar Town
31.6184,74.2972,Ravi Town
31.6046,74.3481,Shalamar Town
31.5673,74.4001,Aziz Bhati Town
31.5966,74.3046,Ravi Town
31.4733,74.2864,Allama Iqbal Town
31.4792,74.2957,Allama Iqbal Town
31.4916,74.3122,Gulberg Town
31.5295,74.3589,Gulberg Town
31.5094,74.2856,Samanabad Town
31.5992,74.3388,Shalamar Town
31.4893,74.3389,Gulberg Town
31.4635,74.324,Gulberg Town
31.5331,74.3208,Data Ganj Bakhsh Town
31.468,74.3236,Gulberg Town
31.5667,74.31,Data Ganj Bakhsh Town
31.5583,74.3942,Aziz Bhati Town
31.5986,74.3348,Shalamar Town
31.4695,74.3278,Gulberg Town
31.5633,74.3104,Data Ganj Bakhsh Town
31.4754,74.3376,Gulberg Town
31.5561,74.4011,Aziz Bhati Town
31.4519,74.3472,Nishter Town
31.5606,74.3486,Gulberg Town
31.5668,74.3108,Data Ganj Bakhsh Town
31.5657,74.3416,Gulberg Town
31.5868,74.4325,Wahga Town
31.5583,74.403,Aziz Bhati Town
31.5751,74.3364,Gulberg Town
31.4636,74.3139,Gulberg Town
31.6156,74.2905,Ravi Town
31.5795,74.3146,Ravi Town
31.5939,74.3617,Shalamar Town
31.5807,74.3777,Shalamar Town
31.5206,74.2758,Allama Iqbal Town
31.5733,74.3925,Aziz Bhati Town
31.5775,74.4008,Aziz Bhati Town
31.5735,74.432,Aziz Bhati Town
31.5875,74.3086,Ravi Town
31.5666,74.34,Gulberg Town
31.5791,74.3182,Ravi Town
31.5286,74.3153,Samanabad Town
31.5494,74.4056,Aziz Bhati Town
31.5807,74.3098,Ravi Town
31.5589,74.3939,Aziz Bhati Town
31.5918,74.2971,Data Ganj Bakhsh Town
31.4826,74.3121,Gulberg Town
31.464,74.3456,Nishter Town
31.6022,74.3246,Ravi Town
31.6,74.3342,Shalamar Town
31.6438,74.2884,Ravi Town
31.5251,74.3186,Samanabad Town
31.5394,74.3345,Data Ganj Bakhsh Town
31.4637,74.3546,Cantonment
31.5302,74.2888,Samanabad Town
31.5718,74.3214,Data Ganj Bakhsh Town
31.501,74.3287,Gulberg Town
31.4863,74.3458,Gulberg Town
31.5329,74.2937,Samanabad Town
31.5728,74.3997,Aziz Bhati Town
31.5845,74.3614,Shalamar Town
31.5889,74.3958,Wahga Town
31.5595,74.3037,Data Ganj Bakhsh Town
31.578,74.3415,Shalamar Town
31.5944,74.3364,Shalamar Town
31.4615,74.3443,Nishter Town
31.5955,74.3086,Ravi Town
31.4741,74.3379,Gulberg Town
31.4369,74.1889,Allama Iqbal Town
31.5686,74.3036,Data Ganj Bakhsh Town
31.4725,74.2844,Allama Iqbal Town
31.5583,74.4033,Aziz Bhati Town
31.5551,74.3621,Gulberg Town
31.5433,74.3019,Samanabad Town
31.4526,74.3508,Nishter Town
31.5473,74.3193,Data Ganj Bakhsh Town
31.5726,74.3781,Gulberg Town
31.6003,74.4033,Wahga Town
31.494,74.4116,Cantonment
31.6001,74.3162,Ravi Town
31.4864,74.3454,Gulberg Town
31.5583,74.288,Data Ganj Bakhsh Town
31.4865,74.3464,Gulberg Town
31.5728,74.3814,Shalamar Town
31.5951,74.3876,Wahga Town
31.5699,74.28,Data Ganj Bakhsh Town
31.5585,74.4032,Aziz Bhati Town
31.4614,74.3979,Cantonment
31.5692,74.3803,Gulberg Town
31.5787,74.2982,Data Ganj Bakhsh Town
31.4476,74.3393,Nishter Town
31.5521,74.363,Aziz Bhati Town
31.5703,74.2926,Data Ganj Bakhsh Town
31.5813,74.331,Shalamar Town
31.5609,74.2867,Data Ganj Bakhsh Town
31.5656,74.4052,Aziz Bhati Town
31.5794,74.4008,Aziz Bhati Town
31.434,74.3072,Nishter Town
31.5972,74.3491,Shalamar Town
31.5663,74.4107,Aziz Bhati Town
31.5328,74.3131,Samanabad Town
31.5569,74.3802,Cantonment
31.6062,74.3245,Ravi Town
31.5594,74.2871,Data Ganj Bakhsh Town
31.5724,74.3726,Gulberg Town
31.4643,74.3237,Gulberg Town
31.5318,74.3195,Samanabad Town
31.566,74.3155,Data Ganj Bakhsh Town
31.6121,74.2835,Ravi Town
31.5366,74.2956,Samanabad Town
31.5781,74.3162,Ravi Town
31.5892,74.3013,Data Ganj Bakhsh Town
31.5716,74.3755,Gulberg Town
31.6011,74.3189,Ravi Town
31.5951,74.304,Ravi Town
31.4418,74.3712,Nishter Town
31.5902,74.3019,Data Ganj Bakhsh Town
31.5094,74.3251,Gulberg Town
31.5708,74.3164,Data Ganj Bakhsh Town
31.4837,74.3937,Cantonment
31.4093,74.2652,Nishter Town
31.5264,74.2899,Samanabad Town
31.4939,74.2689,Allama Iqbal Town
31.5744,74.3134,Data Ganj Bakhsh Town
31.5028,74.3539,Gulberg Town
31.4753,74.3377,Gulberg Town
31.6033,74.3252,Ravi Town
31.486,74.3458,Gulberg Town
31.5794,74.3454,Shalamar Town
31.5877,74.3932,Wahga Town
31.5554,74.3562,Gulberg Town
31.5262,74.2683,Allama Iqbal Town
31.4775,74.3431,Gulberg Town
31.3036,74.0571,Allama Iqbal Town
31.6015,74.3346,Shalamar Town
31.5149,74.298,Samanabad Town
31.5825,74.3624,Shalamar Town
31.4738,74.3377,Gulberg Town
31.5624,74.4038,Aziz Bhati Town
31.5684,74.3578,Gulberg Town
31.4864,74.3458,Gulberg Town
31.5597,74.3526,Gulberg Town
31.5625,74.3486,Gulberg Town
31.5771,74.3812,Shalamar Town
31.4861,74.3456,Gulberg Town
31.5773,74.3993,Aziz Bhati Town
31.6054,74.3366,Shalamar Town
31.5379,74.2951,Samanabad Town
31.504,74.2863,Samanabad Town
31.5497,74.4183,Aziz Bhati Town
31.5723,74.3884,Aziz Bhati Town
31.591,74.3749,Shalamar Town
31.5632,74.4015,Aziz Bhati Town
31.5243,74.3003,Samanabad Town
31.5652,74.3485,Gulberg Town
31.608,74.3126,Ravi Town
31.5641,74.2901,Data Ganj Bakhsh Town
31.5745,74.3923,Aziz Bhati Town
31.5982,74.3001,Ravi Town
31.5788,74.2985,Data Ganj Bakhsh Town
31.5608,74.3098,Data Ganj Bakhsh Town
31.6045,74.3235,Ravi Town
31.4599,74.3074,Allama Iqbal Town
31.5269,74.3486,Gulberg Town
31.5554,74.319,Data Ganj Bakhsh Town
31.4746,74.2814,Allama Iqbal Town
31.5182,74.305,Samanabad Town
31.5816,74.3156,Ravi Town
31.4619,74.3478,Nishter Town
31.4755,74.3364,Gulberg Town
31.5743,74.3799,Gulberg Town
31.5402,74.2941,Samanabad Town
31.5953,74.299,Data Ganj Bakhsh Town
31.4534,74.3508,Nishter Town
31.5908,74.4028,Wahga Town
31.5805,74.4096,Aziz Bhati Town
31.5693,74.3806,Gulberg Town
31.5769,74.3954,Aziz Bhati Town
31.5803,74.3451,Shalamar Town
31.5042,74.2861,Samanabad Town
31.5845,74.4135,Wahga Town
31.4684,74.3048,Gulberg Town
31.4736,74.2974,Allama Iqbal Town
31.5698,74.3923,Aziz Bhati Town
31.4753,74.298,Allama Iqbal Town
31.6005,74.2955,Data Ganj Bakhsh Town
31.4477,74.348,Nishter Town
31.5591,74.3052,Data Ganj Bakhsh Town
31.6031,74.3351,Shalamar Town
31.5945,74.3558,Shalamar Town
31.5642,74.3274,Data Ganj Bakhsh Town
31.5911,74.337,Shalamar Town
31.5186,74.3044,Samanabad Town
31.5511,74.2754,Samanabad Town
31.4727,74.2843,Allama Iqbal Town
31.4961,74.3659,Cantonment
31.5768,74.3953,Aziz Bhati Town
31.5594,74.2974,Data Ganj Bakhsh Town
31.6036,74.3195,Ravi Town
31.5724,74.3793,Gulberg Town
31.5748,74.3854,Shalamar Town
31.5672,74.3959,Aziz Bhati Town
31.5604,74.4005,Aziz Bhati Town
31.5625,74.3029,Data Ganj Bakhsh Town
31.5899,74.305,Data Ganj Bakhsh Town
31.5392,74.2938,Samanabad Town
31.5238,74.2593,Allama Iqbal Town
31.5689,74.4051,Aziz Bhati Town
31.3853,74.3618,Nishter Town
31.5763,74.3956,Aziz Bhati Town
31.5226,74.2806,Allama Iqbal Town
31.5699,74.3945,Aziz Bhati Town
31.5736,74.4323,Aziz Bhati Town
31.5913,74.328,Ravi Town
31.5594,74.4012,Aziz Bhati Town
31.6016,74.3021,Ravi Town
31.442,74.278,Allama Iqbal Town
31.5027,74.2455,Allama Iqbal Town
31.573,74.3968,Aziz Bhati Town
31.5581,74.403,Aziz Bhati Town
31.6026,74.3022,Ravi Town
31.5994,74.3036,Ravi Town
31.487,74.352,Gulberg Town
31.5816,74.3159,Ravi Town
31.6026,74.302,Ravi Town
31.4865,74.3524,Gulberg Town
31.5978,74.3086,Ravi Town
31.5776,74.4014,Aziz Bhati Town
31.5582,74.2759,Data Ganj Bakhsh Town
31.5893,74.3728,Shalamar Town
31.4897,74.3165,Gulberg Town
31.5992,74.3901,Wahga Town
31.5693,74.3159,Data Ganj Bakhsh Town
31.567,74.3958,Aziz Bhati Town
31.578,74.322,Ravi Town
31.4526,74.2861,Allama Iqbal Town
31.5365,74.3481,Gulberg Town
31.5411,74.3138,Samanabad Town
31.5542,74.2964,Data Ganj Bakhsh Town
31.605,74.3328,Ravi Town
31.4863,74.3459,Gulberg Town
31.4945,74.4315,Cantonment
31.5799,74.4007,Aziz Bhati Town
31.5959,74.3086,Ravi Town
31.5664,74.3092,Data Ganj Bakhsh Town
31.4429,74.3628,Nishter Town
31.5283,74.28,Allama Iqbal Town
31.4634,74.3552,Cantonment
31.5506,74.3717,Aziz Bhati Town
31.5822,74.4022,Aziz Bhati Town
31.5774,74.3751,Shalamar Town
31.4139,74.2472,Allama Iqbal Town
31.4535,74.2859,Allama Iqbal Town
31.5393,74.3343,Data Ganj Bakhsh Town
31.5384,74.273,Samanabad Town
31.596,74.3086,Ravi Town
31.4622,74.3526,Cantonment
31.471,74.2848,Allama Iqbal Town
31.5595,74.4029,Aziz Bhati Town
31.4404,74.2805,Allama Iqbal Town
31.4896,74.3165,Gulberg Town
31.6024,74.3243,Ravi Town
31.5865,74.3898,Wahga Town
31.6005,74.3538,Shalamar Town
31.4726,74.2846,Allama Iqbal Town
31.5549,74.3032,Data Ganj Bakhsh Town
31.5775,74.3782,Shalamar Town
31.4858,74.2496,Allama Iqbal Town
31.4694,74.3278,Gulberg Town
31.6262,74.2839,Ravi Town
31.5933,74.2969,Data Ganj Bakhsh Town
31.5325,74.3058,Samanabad Town
31.5594,74.3806,Aziz Bhati Town
31.437,74.2072,Allama Iqbal Town
31.5244,74.3104,Samanabad Town
31.5864,74.2982,Data Ganj Bakhsh Town
31.596,74.3084,Ravi Town
31.5288,74.3313,Data Ganj Bakhsh Town
31.5604,74.4007,Aziz Bhati Town
31.4604,74.3442,Nishter Town
31.5536,74.3903,Aziz Bhati Town
31.5889,74.5278,Wahga Town
31.4565,74.3454,Nishter Town
31.5389,74.3273,Data Ganj Bakhsh Town
31.6291,74.2855,Ravi Town
31.484,74.3094,Gulberg Town
31.6042,74.3032,Ravi Town
31.5172,74.2786,Samanabad Town
31.5823,74.3623,Shalamar Town
31.6087,74.3479,Ravi Town
31.5998,74.3075,Ravi Town
31.4692,74.3188,Gulberg Town
31.483,74.2986,Samanabad Town
31.5646,74.2813,Data Ganj Bakhsh Town
31.5261,74.3069,Samanabad Town
31.6311,74.3033,Ravi Town
31.4526,74.3474,Nishter Town
31.4639,74.3024,Allama Iqbal Town
31.5583,74.2759,Data Ganj Bakhsh Town
31.564,74.4085,Aziz Bhati Town
31.5803,74.3741,Shalamar Town
31.5422,74.2814,Samanabad Town
31.4632,74.3362,Gulberg Town
31.5625,74.4008,Aziz Bhati Town
31.5751,74.3795,Shalamar Town
31.5784,74.2976,Data Ganj Bakhsh Town
31.5734,74.3124,Data Ganj Bakhsh Town
31.552,74.3632,Aziz Bhati Town
31.5712,74.4003,Aziz Bhati Town
31.5548,74.3216,Data Ganj Bakhsh Town
31.5475,74.2697,Samanabad Town
31.5363,74.2988,Samanabad Town
31.4818,74.3239,Gulberg Town
31.5247,74.3114,Samanabad Town
31.5949,74.3576,Shalamar Town
31.589,74.5279,Wahga Town
31.5778,74.3986,Aziz Bhati Town
31.5359,74.2947,Samanabad Town
31.577,74.3716,Shalamar Town
31.6384,74.2876,Ravi Town
31.5823,74.3625,Shalamar Town
31.563,74.4022,Aziz Bhati Town
31.5042,74.2862,Samanabad Town
31.4328,74.3139,Nishter Town
31.6057,74.323,Ravi Town
31.4723,74.3094,Gulberg Town
31.5238,74.342,Gulberg Town
31.5551,74.4037,Aziz Bhati Town
31.5405,74.3327,Data Ganj Bakhsh Town
31.5562,74.3167,Data Ganj Bakhsh Town
31.5737,74.3507,Gulberg Town
31.5431,74.4081,Aziz Bhati Town
31.6011,74.3055,Ravi Town
31.5709,74.3995,Aziz Bhati Town
31.5957,74.3085,Ravi Town
31.5886,74.3419,Shalamar Town
31.5314,74.3605,Gulberg Town
31.5367,74.3478,Gulberg Town
31.5946,74.3364,Shalamar Town
31.4484,74.358,Nishter Town
31.5762,74.3839,Shalamar Town
31.6038,74.3169,Ravi Town
31.5758,74.3883,Aziz Bhati Town
31.474,74.3376,Gulberg Town
31.5824,74.3634,Shalamar Town
31.5868,74.3291,Ravi Town
31.5786,74.3764,Shalamar Town
31.5732,74.3511,Gulberg Town
31.4749,74.2945,Allama Iqbal Town
31.4575,74.347,Nishter Town
31.5744,74.3122,Data Ganj Bakhsh Town
31.5217,74.3517,Gulberg Town
31.5138,74.3043,Samanabad Town
31.4727,74.2846,Allama Iqbal Town
31.5788,74.3081,Ravi Town
31.5929,74.3341,Shalamar Town
31.5709,74.4009,Aziz Bhati Town
31.6053,74.3475,Shalamar Town
31.5727,74.3815,Shalamar Town
31.4728,74.3526,Cantonment
31.532,74.2952,Samanabad Town
31.5978,74.4002,Wahga Town
31.4755,74.3704,Cantonment
31.5667,74.3109,Data Ganj Bakhsh Town
31.4937,74.4142,Cantonment
31.5713,74.3277,Data Ganj Bakhsh Town
31.5565,74.3917,Aziz Bhati Town
31.4937,74.4141,Cantonment
31.6003,74.3102,Ravi Town
31.5779,74.374,Shalamar Town
31.46,74.3388,Gulberg Town
31.4864,74.3459,Gulberg Town
31.5629,74.3485,Gulberg Town
31.4734,74.2975,Allama Iqbal Town
31.5536,74.3024,Data Ganj Bakhsh Town
31.4916,74.3123,Gulberg Town
31.5768,74.3955,Aziz Bhati Town
31.5386,74.3361,Data Ganj Bakhsh Town
31.5558,74.3874,Cantonment
31.5813,74.2976,Data Ganj Bakhsh Town
31.5978,74.3951,Wahga Town
31.6024,74.337,Shalamar Town
31.5588,74.3169,Data Ganj Bakhsh Town
31.4976,74.4086,Cantonment
31.5528,74.3893,Cantonment
31.589,74.5277,Wahga Town
31.5224,74.3581,Gulberg Town
31.5898,74.4003,Wahga Town
31.5425,74.3606,Cantonment
31.6042,74.3528,Shalamar Town
31.4622,74.3413,Nishter Town
31.6032,74.3234,Ravi Town
31.5662,74.4107,Aziz Bhati Town
31.5375,74.2711,Samanabad Town
31.4511,74.3581,Cantonment
31.6309,74.3113,Ravi Town
31.4864,74.3457,Gulberg Town
31.5692,74.4015,Aziz Bhati Town
31.4572,74.2839,Allama Iqbal Town
31.5653,74.4143,Aziz Bhati Town
31.5809,74.2989,Data Ganj Bakhsh Town
31.4727,74.2845,Allama Iqbal Town
31.5583,74.4032,Aziz Bhati Town
31.5736,74.4317,Aziz Bhati Town
31.466,74.3271,Gulberg Town
31.557,74.3923,Aziz Bhati Town
31.5984,74.3302,Ravi Town
31.5712,74.4002,Aziz Bhati Town
31.6039,74.3167,Ravi Town
31.5418,74.3315,Data Ganj Bakhsh Town
31.4729,74.285,Allama Iqbal Town
31.594,74.3034,Ravi Town
31.5785,74.3231,Ravi Town
31.5654,74.3789,Gulberg Town
31.5524,74.3034,Samanabad Town
31.4915,74.3122,Gulberg Town
31.5544,74.3213,Data Ganj Bakhsh Town
31.5825,74.3616,Shalamar Town
31.5317,74.3167,Samanabad Town
31.5234,74.3429,Gulberg Town
31.5622,74.406,Aziz Bhati Town
31.6185,74.3465,Ravi Town
31.5239,74.2594,Allama Iqbal Town
31.4807,74.3293,Gulberg Town
31.5911,74.3367,Shalamar Town
31.4564,74.3565,Cantonment
31.5185,74.3065,Samanabad Town
31.5293,74.3455,Gulberg Town
31.4695,74.2966,Allama Iqbal Town
31.4693,74.3248,Gulberg Town
31.4632,74.359,Cantonment
31.4859,74.3458,Gulberg Town
31.5283,74.3465,Gulberg Town
31.4508,74.3459,Nishter Town
31.559,74.3939,Aziz Bhati Town
31.6019,74.3919,Wahga Town
31.568,74.3871,Aziz Bhati Town
31.5808,74.2937,Data Ganj Bakhsh Town
31.6226,74.2899,Ravi Town
31.4728,74.3528,Cantonment
31.4559,74.3471,Nishter Town
31.5958,74.3085,Ravi Town
31.5919,74.3979,Wahga Town
31.5609,74.2962,Data Ganj Bakhsh Town
31.5226,74.3161,Samanabad Town
31.5812,74.3312,Shalamar Town
31.5713,74.4005,Aziz Bhati Town
31.4818,74.3158,Gulberg Town
31.5061,74.337,Gulberg Town
31.5411,74.3333,Data Ganj Bakhsh Town
31.5401,74.2937,Samanabad Town
31.5935,74.3179,Ravi Town
31.5188,74.3196,Samanabad Town
31.6005,74.302,Ravi Town
31.4656,74.3349,Gulberg Town
31.555,74.4033,Aziz Bhati Town
31.4916,74.2736,Samanabad Town
31.6061,74.3518,Shalamar Town
31.5659,74.3308,Data Ganj Bakhsh Town
31.5953,74.3624,Shalamar Town
31.5961,74.3075,Ravi Town
31.5823,74.3624,Shalamar Town
31.571,74.4009,Aziz Bhati Town
31.5702,74.3856,Aziz Bhati Town
31.5564,74.395,Aziz Bhati Town
31.4441,74.2717,Allama Iqbal Town
31.5788,74.3974,Aziz Bhati Town
31.5659,74.3311,Data Ganj Bakhsh Town
31.5398,74.2945,Samanabad Town
31.4775,74.3425,Gulberg Town
31.5737,74.4113,Aziz Bhati Town
31.478,74.3159,Gulberg Town
31.5383,74.2922,Samanabad Town
31.6052,74.3327,Ravi Town
31.5563,74.3913,Aziz Bhati Town
31.5323,74.2952,Samanabad Town
31.5354,74.2963,Samanabad Town
31.5763,74.3102,Ravi Town
31.4863,74.3455,Gulberg Town
31.4493,74.3559,Cantonment
31.5383,74.2959,Samanabad Town
31.4811,74.3381,Gulberg Town
31.5761,74.309,Data Ganj Bakhsh Town
31.5907,74.3629,Shalamar Town
31.6138,74.2618,Ravi Town
31.5533,74.4153,Aziz Bhati Town
31.5442,74.2705,Samanabad Town
31.4724,74.2652,Allama Iqbal Town
31.2711,74.4197,Nishter Town
31.5803,74.3744,Shalamar Town
31.5383,74.2945,Samanabad Town
31.4727,74.2844,Allama Iqbal Town
31.582,74.4579,Wahga Town
31.4894,74.4181,Cantonment
31.5564,74.3954,Aziz Bhati Town
31.5544,74.2782,Samanabad Town
31.4626,74.3389,Gulberg Town
31.5586,74.3,Data Ganj Bakhsh Town
31.4513,74.3515,Nishter Town
31.4917,74.3124,Gulberg Town
31.4626,74.339,Gulberg Town
31.474,74.3378,Gulberg Town
31.5561,74.3811,Cantonment
31.5685,74.4041,Aziz Bhati Town
31.4514,74.3586,Cantonment
31.5664,74.403,Aziz Bhati Town
31.4755,74.2658,Allama Iqbal Town
31.5679,74.2913,Data Ganj Bakhsh Town
31.478,74.3371,Gulberg Town
31.5582,74.4017,Aziz Bhati Town
31.4727,74.3527,Cantonment
31.4625,74.3387,Gulberg Town
31.5198,74.3448,Gulberg Town
31.5775,74.2883,Data Ganj Bakhsh Town
31.568,74.3969,Aziz Bhati Town
31.5982,74.3238,Ravi Town
31.564,74.4045,Aziz Bhati Town
31.567,74.3106,Data Ganj Bakhsh Town
31.5959,74.3352,Shalamar Town
31.5713,74.3931,Aziz Bhati Town
31.5017,74.2741,Samanabad Town
31.5801,74.3164,Ravi Town
31.625,74.2895,Ravi Town
31.5828,74.4153,Wahga Town
31.5421,74.2813,Samanabad Town
31.5393,74.3342,Data Ganj Bakhsh Town
31.4537,74.3197,Allama Iqbal Town
31.5979,74.3962,Wahga Town
31.5671,74.2863,Data Ganj Bakhsh Town
31.5708,74.3166,Data Ganj Bakhsh Town
31.5802,74.3742,Shalamar Town
31.4686,74.3464,Cantonment
31.5617,74.35,Gulberg Town
31.4736,74.2975,Allama Iqbal Town
31.5888,74.2963,Data Ganj Bakhsh Town
31.5883,74.3795,Shalamar Town
31.5889,74.4067,Wahga Town
31.5685,74.3759,Gulberg Town
31.3296,74.1492,Allama Iqbal Town
31.5627,74.4072,Aziz Bhati Town
31.5745,74.381,Gulberg Town
31.6006,74.3629,Shalamar Town
31.4757,74.3423,Gulberg Town
31.5178,74.2862,Samanabad Town
31.5301,74.2987,Samanabad Town
31.5429,74.2799,Samanabad Town
31.4744,74.338,Gulberg Town
31.5658,74.323,Data Ganj Bakhsh Town
31.4667,74.3369,Gulberg Town
31.4608,74.3356,Gulberg Town
31.5913,74.3953,Wahga Town
31.5564,74.3234,Data Ganj Bakhsh Town
31.5757,74.3316,Data Ganj Bakhsh Town
31.5339,74.2932,Samanabad Town
31.569,74.4051,Aziz Bhati Town
31.5656,74.3787,Gulberg Town
31.572,74.3977,Aziz Bhati Town
31.5504,74.3021,Samanabad Town
31.5863,74.4156,Wahga Town
31.5777,74.3983,Aziz Bhati Town
31.5784,74.3724,Shalamar Town
31.5683,74.4019,Aziz Bhati Town
31.5944,74.3046,Ravi Town
31.5219,74.315,Samanabad Town
31.5945,74.3621,Shalamar Town
31.5671,74.4223,Aziz Bhati Town
31.5328,74.3156,Samanabad Town
31.6024,74.354,Shalamar Town
31.5958,74.3078,Ravi Town
31.5649,74.3321,Data Ganj Bakhsh Town
31.5752,74.3751,Shalamar Town
31.5788,74.4308,Wahga Town
31.5656,74.378,Gulberg Town
31.4693,74.3281,Gulberg Town
31.4749,74.2948,Allama Iqbal Town
31.571,74.4008,Aziz Bhati Town
31.5356,74.3154,Samanabad Town
31.4728,74.3525,Cantonment
31.4336,74.3162,Nishter Town
31.5543,74.3059,Data Ganj Bakhsh Town
31.5769,74.2948,Data Ganj Bakhsh Town
31.5589,74.3028,Data Ganj Bakhsh Town
31.5315,74.2909,Samanabad Town
31.5422,74.2811,Samanabad Town
31.5422,74.3311,Data Ganj Bakhsh Town
31.4502,74.3636,Nishter Town
31.5705,74.3384,Gulberg Town
31.5958,74.3081,Ravi Town
31.5589,74.394,Aziz Bhati Town
31.5767,74.3953,Aziz Bhati Town
31.5957,74.3086,Ravi Town
31.5551,74.4038,Aziz Bhati Town
31.5223,74.2806,Allama Iqbal Town
31.483,74.2985,Samanabad Town
31.5769,74.3766,Shalamar Town
31.596,74.3087,Ravi Town
31.454,74.3445,Nishter Town
31.5657,74.419,Aziz Bhati Town
31.4728,74.2844,Allama Iqbal Town
31.5808,74.3707,Shalamar Town
31.5578,74.4028,Aziz Bhati Town
31.4688,74.3248,Gulberg Town
31.5822,74.3624,Shalamar Town
31.5922,74.3932,Wahga Town
31.5288,74.2804,Allama Iqbal Town
31.5823,74.3626,Shalamar Town
31.4668,74.3369,Gulberg Town
31.5724,74.3144,Data Ganj Bakhsh Town
31.5581,74.3906,Aziz Bhati Town
31.6031,74.3575,Shalamar Town
31.5312,74.2757,Allama Iqbal Town
31.5723,74.3236,Data Ganj Bakhsh Town
31.4644,74.3396,Gulberg Town
31.4806,74.3295,Gulberg Town
31.5585,74.3952,Aziz Bhati Town
31.4772,74.372,Cantonment
31.6215,74.2768,Ravi Town
31.423,74.3608,Nishter Town
31.4434,74.3538,Nishter Town
31.5828,74.3258,Ravi Town
31.5348,74.3015,Samanabad Town
31.4554,74.3465,Nishter Town
31.5661,74.3232,Data Ganj Bakhsh Town
31.2883,74.437,Nishter Town
31.5499,74.394,Cantonment
31.4543,74.3436,Nishter Town
31.5962,74.3087,Ravi Town
31.476,74.3427,Gulberg Town
31.4475,74.351,Nishter Town
31.5791,74.3952,Shalamar Town
31.4958,74.261,Allama Iqbal Town
31.5723,74.3873,Aziz Bhati Town
31.5348,74.2965,Samanabad Town
31.6038,74.3551,Shalamar Town
31.4865,74.3461,Gulberg Town
31.5534,74.391,Aziz Bhati Town
31.5781,74.3214,Ravi Town
31.5638,74.4109,Aziz Bhati Town
31.4739,74.2981,Allama Iqbal Town
31.5767,74.3458,Shalamar Town
31.4614,74.3564,Cantonment
31.5789,74.3114,Ravi Town
31.4485,74.3394,Nishter Town
31.4974,74.2622,Allama Iqbal Town
31.4684,74.3853,Cantonment
31.4917,74.3123,Gulberg Town
31.645,74.2888,Ravi Town
31.5979,74.2975,Data Ganj Bakhsh Town
31.5392,74.2962,Samanabad Town
31.564,74.3274,Data Ganj Bakhsh Town
31.4806,74.3294,Gulberg Town
31.5751,74.3372,Gulberg Town
31.5881,74.392,Wahga Town
31.5802,74.3743,Shalamar Town
31.6076,74.3473,Ravi Town
31.4629,74.3362,Gulberg Town
31.5648,74.2815,Data Ganj Bakhsh Town
31.4916,74.3124,Gulberg Town
31.518,74.305,Samanabad Town
31.5593,74.3929,Aziz Bhati Town
31.6017,74.3022,Ravi Town
31.5602,74.4006,Aziz Bhati Town
31.5235,74.2997,Samanabad Town
31.4966,74.3653,Cantonment
31.4738,74.2996,Allama Iqbal Town
31.5954,74.5142,Wahga Town
31.564,74.3466,Gulberg Town
31.3854,74.3617,Nishter Town
31.5784,74.4135,Aziz Bhati Town
31.5857,74.298,Data Ganj Bakhsh Town
31.518,74.3236,Samanabad Town
31.5376,74.2713,Samanabad Town
31.5421,74.2748,Samanabad Town
31.4713,74.3365,Gulberg Town
31.5732,74.3229,Data Ganj Bakhsh Town
31.5233,74.3142,Samanabad Town
31.6003,74.3027,Ravi Town
31.5978,74.3343,Shalamar Town
31.5892,74.3234,Ravi Town
31.5747,74.2921,Data Ganj Bakhsh Town
31.5708,74.3826,Aziz Bhati Town
31.5156,74.3123,Samanabad Town
31.5732,74.317,Data Ganj Bakhsh Town
31.5399,74.3536,Gulberg Town
31.3474,74.1255,Allama Iqbal Town
31.526,74.3586,Gulberg Town
31.4525,74.342,Nishter Town
31.5571,74.3966,Aziz Bhati Town
31.5787,74.2936,Data Ganj Bakhsh Town
31.4692,74.3249,Gulberg Town
31.5644,74.3138,Data Ganj Bakhsh Town
31.5734,74.3788,Gulberg Town
31.5712,74.4253,Aziz Bhati Town
31.5933,74.3965,Wahga Town
31.5529,74.3267,Data Ganj Bakhsh Town
31.5558,74.392,Aziz Bhati Town
31.5602,74.4012,Aziz Bhati Town
31.449,74.3531,Nishter Town
31.5284,74.3469,Gulberg Town
31.5714,74.404,Aziz Bhati Town
31.5866,74.3929,Wahga Town
31.5981,74.3804,Shalamar Town
31.5704,74.4013,Aziz Bhati Town
31.588,74.2938,Data Ganj Bakhsh Town
31.5998,74.3354,Shalamar Town
31.435,74.3231,Allama Iqbal Town
31.5837,74.4118,Wahga Town
31.5763,74.4864,Wahga Town
31.5232,74.3168,Samanabad Town
31.6059,74.3047,Ravi Town
31.4567,74.3117,Allama Iqbal Town
31.5521,74.3679,Aziz Bhati Town
31.5478,74.3031,Samanabad Town
31.5232,74.3594,Gulberg Town
31.4982,74.3685,Cantonment
31.5656,74.3251,Data Ganj Bakhsh Town
31.4437,74.3424,Nishter Town
31.5005,74.3284,Gulberg Town
31.4862,74.3456,Gulberg Town
31.5487,74.3656,Aziz Bhati Town
31.5527,74.3893,Cantonment
31.572,74.38,Gulberg Town
31.559,74.3957,Aziz Bhati Town
31.5409,74.3318,Data Ganj Bakhsh Town
31.5843,74.3611,Shalamar Town
31.5712,74.4007,Aziz Bhati Town
31.5878,74.4022,Wahga Town
31.5663,74.3235,Data Ganj Bakhsh Town
31.5824,74.3625,Shalamar Town
31.5654,74.4146,Aziz Bhati Town
31.5862,74.3947,Wahga Town
31.5823,74.3627,Shalamar Town
31.5294,74.3455,Gulberg Town
31.5488,74.3218,Data Ganj Bakhsh Town
31.4897,74.3164,Gulberg Town
31.3853,74.3616,Nishter Town
31.5482,74.3275,Data Ganj Bakhsh Town
31.4411,74.3592,Nishter Town
31.5958,74.3086,Ravi Town
31.5939,74.3278,Ravi Town
31.5875,74.379,Shalamar Town
31.6002,74.3989,Wahga Town
31.4369,74.2073,Allama Iqbal Town
31.4753,74.2982,Allama Iqbal Town
31.5801,74.3744,Shalamar Town
31.4619,74.344,Nishter Town
31.5805,74.4063,Aziz Bhati Town
31.5774,74.3845,Shalamar Town
31.5774,74.3048,Data Ganj Bakhsh Town
31.5959,74.3089,Ravi Town
31.5958,74.3087,Ravi Town
31.5175,74.2804,Samanabad Town
31.5624,74.3815,Aziz Bhati Town
31.5559,74.3189,Data Ganj Bakhsh Town
31.5281,74.2864,Samanabad Town
31.4579,74.3482,Nishter Town
31.5011,74.2761,Samanabad Town
31.553,74.3616,Aziz Bhati Town
31.5754,74.4334,Aziz Bhati Town
31.5762,74.4292,Aziz Bhati Town
31.5824,74.3626,Shalamar Town
31.4186,74.2511,Allama Iqbal Town
31.4643,74.3302,Gulberg Town
31.5199,74.3024,Samanabad Town
31.5675,74.3111,Data Ganj Bakhsh Town
31.5674,74.4002,Aziz Bhati Town
31.5303,74.2789,Allama Iqbal Town
31.5133,74.2711,Allama Iqbal Town
31.5582,74.3656,Gulberg Town
31.4967,74.255,Allama Iqbal Town
31.4514,74.2155,Allama Iqbal Town
31.4529,74.3146,Allama Iqbal Town
31.4944,74.4052,Cantonment
31.4615,74.3363,Gulberg Town
31.4696,74.324,Gulberg Town
31.5729,74.3969,Aziz Bhati Town
31.4724,74.2851,Allama Iqbal Town
31.5605,74.3505,Gulberg Town
31.4528,74.3148,Allama Iqbal Town
31.5237,74.3005,Samanabad Town
31.6026,74.3123,Ravi Town
31.507,74.334,Gulberg Town
31.5772,74.3728,Shalamar Town
31.5413,74.2721,Samanabad Town
31.4518,74.3474,Nishter Town
31.5727,74.4428,Aziz Bhati Town
31.5232,74.3166,Samanabad Town
31.5707,74.3165,Data Ganj Bakhsh Town
31.5217,74.3156,Samanabad Town
31.5634,74.3504,Gulberg Town
31.564,74.3238,Data Ganj Bakhsh Town
31.5995,74.3967,Wahga Town
31.6011,74.3114,Ravi Town
